Flight_ID,Aircraft_Type,Route,Flight_Duration,Turnaround_Time,Route_Distance,Passenger_Capacity,Actual_Passengers
F0520,B737-800,Delhi-Singapore,5.78,0.72,4160,189,139
F0838,B737-800,Delhi-Singapore,5.81,0.73,4160,189,161
F0209,B787,Mumbai-Singapore,5.58,1.27,3930,290,211
F0526,A320,Bengaluru-Kolkata,2.36,0.69,1540,180,165
F0979,A321,Delhi-Hyderabad,2.23,0.94,1260,220,191
F0584,B737-800,Bengaluru-Hyderabad,1.18,1.0,500,189,173
F0509,A321,Mumbai-Kolkata,2.48,0.8,1660,220,170
F0159,B737-800,Chennai-Hyderabad,0.93,0.81,515,189,146
F0590,A320,Chennai-Singapore,4.33,1.06,2920,180,162
F0202,ATR 72,Delhi-Kolkata,2.6,0.69,1305,72,66
F0281,A320,Delhi-Hyderabad,2.24,0.88,1260,180,152
F0168,A320,Bengaluru-Hyderabad,1.01,0.75,500,180,155
F0975,B737-800,Delhi-Bengaluru,2.77,0.86,1740,189,157
F0096,A320,Mumbai-Kolkata,2.52,0.78,1660,180,114
F0237,A320,Mumbai-Kolkata,2.63,0.78,1660,180,116
F0204,A320,Mumbai-Bengaluru,1.72,0.74,845,180,149
F0791,B737-800,Delhi-Hyderabad,2.2,0.75,1260,189,142
F0429,A320,Mumbai-Bengaluru,1.63,0.82,845,180,149
F0999,A321,Chennai-Mumbai,2.09,0.59,1034,220,152
F0382,B737-800,Delhi-Kolkata,2.2,0.78,1305,189,184
F0706,A321,Mumbai-Singapore,5.74,0.91,3930,220,193
F0411,B737-800,Delhi-Singapore,5.72,0.75,4160,189,151
F0685,A320,Chennai-Delhi,2.7,0.64,1760,180,143
F0212,A321,Delhi-Bengaluru,2.8,0.77,1740,220,179
F0586,A321,Mumbai-Bengaluru,1.67,0.78,845,220,212
F0935,A321,Mumbai-Kolkata,2.38,0.66,1660,220,167
F0906,B787,Chennai-Singapore,4.26,1.35,2920,290,248
F0884,A350,Delhi-Hyderabad,2.19,1.58,1260,325,293
F0845,A320,Bengaluru-Hyderabad,0.95,0.64,500,180,171
F0330,B787,Mumbai-Singapore,5.48,1.38,3930,290,233
F0599,A350,Bengaluru-Kolkata,2.47,1.24,1540,325,232
F0152,ATR 72,Mumbai-Delhi,2.24,0.55,1148,72,62
F0094,A321,Chennai-Kolkata,2.15,0.95,1360,220,188
F0264,B787,Chennai-Dubai,4.11,1.24,2930,290,245
F0812,B737-800,Chennai-Hyderabad,1.15,0.69,515,189,164
F0402,B737-800,Chennai-Bengaluru,0.86,1.33,290,189,171
F0395,ATR 72,Delhi-Hyderabad,2.43,0.79,1260,72,62
F0363,A321,Chennai-Dubai,4.15,0.9,2930,220,173
F0537,B737-800,Delhi-Bengaluru,2.71,0.8,1740,189,184
F0379,A320,Chennai-Hyderabad,0.98,0.68,515,180,171
F0714,B737-800,Delhi-Dubai,3.61,0.63,2190,189,157
F0501,B737-800,Mumbai-Kolkata,2.72,0.88,1660,189,132
F0189,A320,Delhi-Singapore,5.87,0.74,4160,180,130
F0902,B737-800,Chennai-Mumbai,1.95,1.05,1034,189,163
F0844,A350,Chennai-Kolkata,1.97,1.22,1360,325,206
F0621,B737-800,Mumbai-Bengaluru,1.68,0.54,845,189,157
F0765,B737-800,Hyderabad-Kolkata,2.09,0.8,1180,189,123
F0517,B737-800,Delhi-Singapore,5.77,0.74,4160,189,119
F0644,ATR 72,Mumbai-Delhi,2.21,0.53,1148,72,57
F0477,ATR 72,Chennai-Mumbai,2.39,0.5,1034,72,63
F0616,B737-800,Mumbai-Singapore,5.82,0.66,3930,189,129
F0196,A320,Chennai-Singapore,4.25,0.7,2920,180,174
F0136,ATR 72,Mumbai-Bengaluru,1.64,0.53,845,72,61
F0301,A321,Mumbai-Bengaluru,1.73,0.85,845,220,205
F0139,A320,Delhi-Kolkata,2.38,0.8,1305,180,146
F0777,ATR 72,Hyderabad-Kolkata,2.24,0.35,1180,72,63
F0744,B737-800,Delhi-Dubai,3.47,0.73,2190,189,128
F0148,B737-800,Bengaluru-Hyderabad,1.0,0.63,500,189,184
F0756,ATR 72,Chennai-Mumbai,1.99,0.67,1034,72,60
F0153,B737-800,Chennai-Singapore,4.12,0.72,2920,189,161
F0843,B737-800,Chennai-Singapore,4.28,0.7,2920,189,167
F0793,A350,Mumbai-Singapore,5.67,1.55,3930,325,218
F0412,B737-800,Chennai-Hyderabad,1.08,0.87,515,189,137
F0420,B787,Chennai-Kolkata,2.04,1.15,1360,290,214
F0146,A320,Delhi-Singapore,5.93,0.72,4160,180,153
F0630,ATR 72,Chennai-Kolkata,2.3,0.47,1360,72,47
F0249,A320,Mumbai-Dubai,3.29,0.65,1930,180,147
F0704,B787,Hyderabad-Kolkata,1.78,1.29,1180,290,216
F0198,A321,Delhi-Singapore,5.7,0.73,4160,220,177
F0175,B737-800,Delhi-Kolkata,2.26,0.83,1305,189,172
F0957,A320,Mumbai-Bengaluru,1.77,0.69,845,180,155
F0142,A321,Hyderabad-Kolkata,2.12,0.75,1180,220,179
F0444,A321,Chennai-Delhi,2.76,0.83,1760,220,162
F0830,A321,Mumbai-Dubai,3.33,0.8,1930,220,215
F0227,A320,Chennai-Kolkata,2.18,0.76,1360,180,132
F0302,B737-800,Delhi-Hyderabad,2.22,0.92,1260,189,141
F0521,B737-800,Bengaluru-Hyderabad,1.01,0.8,500,189,152
F0316,ATR 72,Mumbai-Delhi,2.11,0.73,1148,72,64
F0030,A321,Mumbai-Singapore,6.07,0.56,3930,220,164
F0185,B737-800,Chennai-Hyderabad,1.14,1.32,515,189,171
F0981,A350,Chennai-Mumbai,2.09,1.26,1034,325,269
F0358,B737-800,Chennai-Kolkata,2.21,0.73,1360,189,144
F0821,B737-800,Chennai-Mumbai,1.91,0.79,1034,189,172
F0345,A320,Chennai-Bengaluru,0.83,0.72,290,180,167
F0960,ATR 72,Delhi-Hyderabad,2.39,0.58,1260,72,60
F0658,A320,Bengaluru-Hyderabad,0.92,0.96,500,180,176
F0653,B787,Bengaluru-Hyderabad,0.93,1.2,500,290,215
F0637,A320,Mumbai-Singapore,5.64,0.76,3930,180,123
F0575,A320,Delhi-Dubai,3.72,0.76,2190,180,173
F0628,B737-800,Chennai-Kolkata,2.28,0.62,1360,189,129
F0364,B737-800,Mumbai-Singapore,5.56,0.7,3930,189,150
F0577,A320,Mumbai-Delhi,2.14,0.89,1148,180,167
F0066,A321,Chennai-Singapore,4.28,0.83,2920,220,201
F0108,A321,Delhi-Singapore,6.39,0.47,4160,220,164
F0701,B737-800,Mumbai-Bengaluru,1.68,0.84,845,189,169
F0909,ATR 72,Hyderabad-Kolkata,2.11,0.8,1180,72,52
F0815,B787,Chennai-Dubai,4.04,1.32,2930,290,238
F0154,A320,Mumbai-Bengaluru,1.63,0.86,845,180,176
F0261,B737-800,Mumbai-Delhi,1.94,0.67,1148,189,162
F0933,A320,Chennai-Mumbai,2.11,0.82,1034,180,164
F0251,B787,Chennai-Mumbai,1.88,1.2,1034,290,230
F0492,A320,Bengaluru-Kolkata,2.28,0.68,1540,180,136
F0211,ATR 72,Bengaluru-Kolkata,2.71,0.52,1540,72,68
F0875,A321,Delhi-Bengaluru,2.75,1.07,1740,220,174
F0969,A320,Delhi-Bengaluru,2.73,0.71,1740,180,176
F0421,A320,Mumbai-Delhi,2.07,0.75,1148,180,167
F0668,A321,Mumbai-Dubai,3.33,0.63,1930,220,216
F0025,A320,Chennai-Dubai,4.33,0.9,2930,180,145
F0480,A321,Delhi-Singapore,5.65,0.65,4160,220,190
F0294,A350,Mumbai-Dubai,3.28,1.42,1930,325,260
F0113,ATR 72,Mumbai-Delhi,2.3,0.49,1148,72,67
F0123,B737-800,Mumbai-Delhi,2.11,0.92,1148,189,169
F0652,A320,Delhi-Bengaluru,2.68,0.66,1740,180,169
F0314,B737-800,Mumbai-Bengaluru,1.66,0.46,845,189,174
F0132,A320,Mumbai-Delhi,1.8,0.84,1148,180,176
F0527,ATR 72,Mumbai-Kolkata,2.89,0.54,1660,72,63
F0335,A321,Mumbai-Dubai,3.39,0.73,1930,220,202
F0064,B737-800,Mumbai-Delhi,2.01,0.74,1148,189,157
F0167,A321,Delhi-Bengaluru,2.82,0.85,1740,220,171
F0816,ATR 72,Bengaluru-Hyderabad,1.15,0.35,500,72,70
F0662,ATR 72,Bengaluru-Kolkata,2.65,0.48,1540,72,61
F0661,A320,Chennai-Bengaluru,0.85,0.61,290,180,173
F0785,B787,Delhi-Hyderabad,2.11,1.39,1260,290,228
F0386,A320,Delhi-Singapore,5.74,0.67,4160,180,165
F0265,A320,Hyderabad-Kolkata,2.15,0.88,1180,180,171
F0380,B737-800,Delhi-Singapore,5.8,0.82,4160,189,182
F0140,A350,Chennai-Hyderabad,1.15,1.44,515,325,218
F0636,B737-800,Mumbai-Bengaluru,1.61,0.66,845,189,168
F0054,B737-800,Chennai-Mumbai,2.2,0.8,1034,189,142
F0093,A320,Bengaluru-Hyderabad,0.91,0.92,500,180,176
F0587,A321,Delhi-Dubai,3.55,0.84,2190,220,186
F0708,A350,Delhi-Singapore,5.59,1.57,4160,325,227
F0118,A321,Mumbai-Bengaluru,1.57,0.98,845,220,181
F0569,A320,Chennai-Hyderabad,1.32,1.22,515,180,161
F0927,B787,Chennai-Bengaluru,0.78,1.37,290,290,281
F0868,A321,Chennai-Mumbai,2.0,0.73,1034,220,191
F0801,B737-800,Chennai-Hyderabad,1.04,0.75,515,189,146
F0087,B737-800,Delhi-Kolkata,2.33,0.63,1305,189,168
F0828,A321,Chennai-Hyderabad,1.1,0.94,515,220,186
F0945,B737-800,Mumbai-Singapore,5.66,0.62,3930,189,159
F0084,A321,Chennai-Bengaluru,0.67,1.27,290,220,189
F0507,A320,Chennai-Singapore,4.14,0.74,2920,180,159
F0737,B737-800,Mumbai-Singapore,5.7,0.61,3930,189,147
F0365,B737-800,Mumbai-Delhi,1.9,1.05,1148,189,151
F0833,B737-800,Bengaluru-Hyderabad,0.97,0.99,500,189,179
F0746,A320,Delhi-Kolkata,2.14,0.84,1305,180,138
F0669,A320,Delhi-Kolkata,2.38,0.74,1305,180,162
F0532,A320,Bengaluru-Hyderabad,0.93,0.91,500,180,176
F0598,A320,Chennai-Hyderabad,1.13,0.59,515,180,147
F0101,A321,Mumbai-Bengaluru,1.74,0.87,845,220,138
F0342,A350,Bengaluru-Kolkata,2.44,1.4,1540,325,239
F0663,A321,Mumbai-Singapore,5.61,0.78,3930,220,167
F0839,A320,Delhi-Bengaluru,2.72,0.69,1740,180,176
F0558,A321,Mumbai-Kolkata,2.52,0.86,1660,220,168
F0518,B737-800,Mumbai-Delhi,1.91,0.44,1148,189,182
F0721,B737-800,Mumbai-Delhi,2.08,0.8,1148,189,162
F0022,B737-800,Mumbai-Delhi,1.98,0.68,1148,189,180
F0214,ATR 72,Mumbai-Dubai,3.77,0.73,1930,72,64
F0208,B737-800,Chennai-Mumbai,1.95,0.94,1034,189,155
F0613,A320,Chennai-Delhi,2.81,0.75,1760,180,132
F0476,B737-800,Chennai-Mumbai,2.03,0.84,1034,189,155
F0205,ATR 72,Chennai-Bengaluru,0.83,0.38,290,72,58
F0650,A321,Delhi-Dubai,3.55,0.92,2190,220,190
F0419,A320,Chennai-Mumbai,2.0,0.89,1034,180,130
F0039,A320,Mumbai-Kolkata,2.64,0.94,1660,180,133
F0274,A321,Delhi-Dubai,3.51,0.8,2190,220,186
F0939,A321,Mumbai-Singapore,5.77,0.71,3930,220,182
F0155,A320,Chennai-Hyderabad,0.92,0.96,515,180,140
F0962,A320,Bengaluru-Hyderabad,1.0,0.47,500,180,155
F0020,ATR 72,Hyderabad-Kolkata,2.09,0.45,1180,72,46
F0856,A320,Hyderabad-Kolkata,2.2,0.89,1180,180,122
F0239,B737-800,Mumbai-Delhi,2.23,0.69,1148,189,177
F0866,B737-800,Hyderabad-Kolkata,1.97,0.91,1180,189,129
F0276,B737-800,Mumbai-Singapore,5.62,0.88,3930,189,151
F0100,B737-800,Delhi-Bengaluru,2.77,0.78,1740,189,171
F0498,A320,Mumbai-Delhi,2.04,0.86,1148,180,174
F0803,B787,Chennai-Singapore,4.61,0.66,2920,290,238
F0889,A320,Chennai-Mumbai,2.1,0.78,1034,180,152
F0077,B737-800,Mumbai-Kolkata,2.69,0.61,1660,189,120
F0664,A320,Delhi-Dubai,3.68,0.58,2190,180,161
F0726,A320,Chennai-Hyderabad,1.13,0.64,515,180,149
F0119,A350,Chennai-Dubai,3.99,1.13,2930,325,249
F0952,A321,Delhi-Hyderabad,2.16,1.03,1260,220,177
F0564,A321,Delhi-Bengaluru,2.87,1.03,1740,220,200
F0655,A321,Chennai-Kolkata,2.16,0.76,1360,220,176
F0676,B737-800,Mumbai-Singapore,5.6,0.73,3930,189,140
F0529,ATR 72,Delhi-Dubai,3.84,0.55,2190,72,68
F0410,A320,Delhi-Singapore,6.46,0.57,4160,180,145
F0929,B737-800,Delhi-Hyderabad,2.17,0.97,1260,189,150
F0615,A320,Hyderabad-Kolkata,2.08,0.57,1180,180,119
F0369,A320,Mumbai-Delhi,2.06,0.84,1148,180,127
F0308,A320,Chennai-Delhi,2.68,0.73,1760,180,129
F0834,A320,Hyderabad-Kolkata,1.95,0.93,1180,180,122
F0026,A321,Chennai-Hyderabad,1.0,0.97,515,220,169
F0539,B737-800,Mumbai-Kolkata,2.66,0.78,1660,189,127
F0648,A320,Bengaluru-Hyderabad,0.98,0.91,500,180,176
F0482,A350,Chennai-Dubai,4.08,1.24,2930,325,199
F0135,A321,Hyderabad-Kolkata,2.14,0.8,1180,220,172
F0367,B737-800,Chennai-Bengaluru,0.82,0.63,290,189,185
F0880,A321,Mumbai-Bengaluru,1.63,1.16,845,220,215
F0229,A320,Bengaluru-Kolkata,2.46,0.93,1540,180,142
F0046,A320,Mumbai-Delhi,1.96,0.9,1148,180,151
F0374,A321,Chennai-Hyderabad,1.07,0.8,515,220,187
F0814,A320,Chennai-Dubai,4.55,0.44,2930,180,162
F0449,A320,Mumbai-Delhi,2.1,0.51,1148,180,166
F0827,B787,Bengaluru-Hyderabad,0.99,1.26,500,290,234
F0627,B737-800,Mumbai-Singapore,5.53,0.77,3930,189,149
F0916,A321,Bengaluru-Kolkata,2.44,0.93,1540,220,155
F0147,ATR 72,Bengaluru-Kolkata,2.63,0.54,1540,72,58
F0344,B737-800,Delhi-Hyderabad,2.27,0.63,1260,189,133
F0992,B737-800,Mumbai-Delhi,2.02,0.8,1148,189,161
F0729,A320,Chennai-Hyderabad,1.14,0.72,515,180,142
F0442,B737-800,Chennai-Dubai,4.25,0.78,2930,189,167
F0320,A320,Bengaluru-Kolkata,2.45,0.7,1540,180,145
F0179,A321,Bengaluru-Hyderabad,0.97,0.82,500,220,182
F0422,ATR 72,Chennai-Mumbai,2.34,0.56,1034,72,64
F0604,ATR 72,Delhi-Kolkata,2.47,0.64,1305,72,70
F0075,A321,Chennai-Bengaluru,0.76,0.9,290,220,176
F0849,A321,Mumbai-Kolkata,2.67,0.59,1660,220,161
F0004,A321,Mumbai-Kolkata,2.5,0.81,1660,220,160
F0197,A320,Mumbai-Dubai,3.16,0.72,1930,180,176
F0996,A320,Chennai-Delhi,2.72,0.94,1760,180,116
F0346,B737-800,Delhi-Hyderabad,2.33,0.98,1260,189,148
F0060,B787,Mumbai-Singapore,5.65,1.27,3930,290,244
F0216,A350,Delhi-Hyderabad,2.26,1.59,1260,325,233
F0023,A321,Hyderabad-Kolkata,1.86,0.64,1180,220,151
F0027,A321,Chennai-Hyderabad,1.13,0.88,515,220,187
F0254,B737-800,Delhi-Bengaluru,2.96,0.83,1740,189,170
F0158,A321,Mumbai-Dubai,3.24,1.0,1930,220,210
F0817,B787,Mumbai-Kolkata,2.54,1.38,1660,290,225
F0656,A321,Mumbai-Bengaluru,1.64,0.82,845,220,155
F0848,A320,Chennai-Singapore,4.2,1.0,2920,180,157
F0730,A320,Chennai-Delhi,2.78,0.59,1760,180,131
F0416,B787,Hyderabad-Kolkata,2.2,1.34,1180,290,184
F0734,B737-800,Bengaluru-Hyderabad,0.84,0.88,500,189,161
F0750,ATR 72,Delhi-Bengaluru,3.16,0.56,1740,72,58
F0956,ATR 72,Chennai-Hyderabad,1.09,0.81,515,72,56
F0478,B737-800,Chennai-Hyderabad,1.09,0.73,515,189,148
F0920,B737-800,Mumbai-Dubai,3.22,0.61,1930,189,157
F0984,A321,Mumbai-Bengaluru,1.77,0.9,845,220,172
F0735,A320,Delhi-Dubai,3.51,0.9,2190,180,131
F0820,A320,Chennai-Hyderabad,0.94,0.83,515,180,164
F0405,B737-800,Mumbai-Dubai,3.48,0.82,1930,189,148
F0861,ATR 72,Bengaluru-Kolkata,2.56,0.59,1540,72,66
F0269,A350,Mumbai-Bengaluru,1.52,1.2,845,325,305
F0690,A320,Chennai-Dubai,4.58,0.35,2930,180,174
F0980,A321,Chennai-Mumbai,2.19,1.02,1034,220,155
F0162,ATR 72,Mumbai-Dubai,3.63,0.36,1930,72,58
F0936,A320,Mumbai-Bengaluru,1.54,0.71,845,180,175
F0503,B737-800,Delhi-Dubai,3.54,0.76,2190,189,139
F0272,A321,Chennai-Delhi,2.73,0.97,1760,220,175
F0097,B737-800,Chennai-Hyderabad,1.04,1.27,515,189,171
F0080,B737-800,Delhi-Dubai,3.44,0.81,2190,189,139
F0144,A320,Mumbai-Bengaluru,1.54,0.82,845,180,165
F0462,B737-800,Chennai-Mumbai,1.83,0.67,1034,189,156
F0271,A350,Delhi-Bengaluru,2.78,1.4,1740,325,286
F0842,A320,Delhi-Hyderabad,2.24,0.96,1260,180,138
F0002,A320,Delhi-Singapore,5.86,0.86,4160,180,161
F0770,ATR 72,Chennai-Hyderabad,1.17,0.41,515,72,62
F0351,A321,Delhi-Singapore,5.83,0.77,4160,220,175
F0705,A350,Hyderabad-Kolkata,1.78,1.36,1180,325,181
F0407,B737-800,Chennai-Singapore,4.33,0.66,2920,189,185
F0548,ATR 72,Chennai-Bengaluru,0.83,0.67,290,72,63
F0435,B787,Mumbai-Singapore,5.56,1.21,3930,290,207
F0051,B787,Delhi-Dubai,3.61,1.23,2190,290,232
F0836,A321,Chennai-Delhi,2.86,0.83,1760,220,189
F0397,B737-800,Delhi-Hyderabad,2.19,0.68,1260,189,178
F0393,ATR 72,Mumbai-Delhi,2.23,0.5,1148,72,70
F0788,A321,Delhi-Singapore,6.39,0.59,4160,220,182
F0774,ATR 72,Mumbai-Kolkata,2.77,0.58,1660,72,55
F0388,A350,Chennai-Kolkata,2.23,1.34,1360,325,218
F0965,A320,Mumbai-Delhi,1.75,0.67,1148,180,154
F0235,B737-800,Chennai-Delhi,2.55,0.66,1760,189,116
F0391,A320,Chennai-Kolkata,2.31,0.77,1360,180,144
F0782,A320,Mumbai-Singapore,5.69,0.66,3930,180,152
F0556,B737-800,Mumbai-Delhi,2.07,0.59,1148,189,166
F0459,A321,Delhi-Singapore,5.8,0.84,4160,220,169
F0764,A350,Delhi-Bengaluru,2.78,1.34,1740,325,276
F0940,B787,Mumbai-Singapore,5.75,1.14,3930,290,206
F0546,ATR 72,Mumbai-Kolkata,2.86,0.62,1660,72,54
F0436,B737-800,Delhi-Singapore,5.91,0.76,4160,189,173
F0128,ATR 72,Hyderabad-Kolkata,2.17,0.65,1180,72,45
F0067,A321,Delhi-Hyderabad,2.15,0.76,1260,220,199
F0409,A321,Chennai-Singapore,4.48,0.69,2920,220,179
F0252,ATR 72,Chennai-Hyderabad,1.16,0.67,515,72,63
F0678,A320,Hyderabad-Kolkata,2.13,0.58,1180,180,136
F0095,A320,Mumbai-Kolkata,2.39,0.53,1660,180,155
F0400,A320,Chennai-Singapore,4.47,0.58,2920,180,163
F0494,ATR 72,Chennai-Mumbai,2.1,0.41,1034,72,56
F0471,B737-800,Bengaluru-Hyderabad,1.08,1.33,500,189,152
F0228,A320,Delhi-Hyderabad,2.19,0.91,1260,180,128
F0437,A321,Mumbai-Singapore,5.6,0.84,3930,220,172
F0293,A321,Chennai-Singapore,4.24,0.96,2920,220,179
F0513,B737-800,Hyderabad-Kolkata,2.11,1.03,1180,189,141
F0285,A321,Bengaluru-Hyderabad,1.14,1.02,500,220,216
F0092,A320,Delhi-Hyderabad,2.19,0.74,1260,180,132
F0115,A320,Chennai-Singapore,4.31,0.65,2920,180,141
F0949,A320,Mumbai-Delhi,2.07,0.84,1148,180,156
F0230,A321,Hyderabad-Kolkata,1.99,1.01,1180,220,124
F0907,B787,Hyderabad-Kolkata,1.85,1.34,1180,290,189
F0323,ATR 72,Chennai-Mumbai,2.41,0.5,1034,72,67
F0327,B737-800,Chennai-Bengaluru,0.71,0.68,290,189,149
F0570,A320,Bengaluru-Hyderabad,0.87,0.52,500,180,153
F0728,B787,Delhi-Hyderabad,2.03,1.39,1260,290,222
F0568,A321,Delhi-Bengaluru,2.91,0.86,1740,220,184
F0674,ATR 72,Chennai-Mumbai,2.2,0.51,1034,72,58
F0749,ATR 72,Mumbai-Kolkata,2.81,0.69,1660,72,52
F0434,A320,Mumbai-Singapore,5.69,0.76,3930,180,140
F0353,A320,Chennai-Kolkata,2.35,0.92,1360,180,140
F0894,A320,Chennai-Dubai,4.26,0.67,2930,180,143
F0156,A320,Chennai-Kolkata,2.05,0.59,1360,180,127
F0074,B787,Chennai-Mumbai,2.09,1.36,1034,290,193
F0926,A350,Delhi-Kolkata,2.28,1.64,1305,325,255
F0262,A320,Mumbai-Dubai,3.24,0.81,1930,180,146
F0659,A350,Bengaluru-Kolkata,2.41,1.22,1540,325,217
F0775,A321,Delhi-Dubai,3.58,0.82,2190,220,197
F0703,A320,Bengaluru-Kolkata,2.34,0.88,1540,180,121
F0141,A350,Delhi-Singapore,5.64,1.47,4160,325,259
F0727,A321,Chennai-Hyderabad,0.82,1.27,515,220,170
F0310,A321,Chennai-Dubai,4.62,0.53,2930,220,156
F0331,A320,Mumbai-Singapore,5.56,0.75,3930,180,151
F0692,B737-800,Chennai-Mumbai,2.02,0.89,1034,189,161
F0184,A321,Hyderabad-Kolkata,2.12,0.7,1180,220,139
F0052,B737-800,Bengaluru-Hyderabad,0.98,0.84,500,189,152
F0288,A321,Chennai-Bengaluru,0.64,0.9,290,220,216
F0779,B737-800,Mumbai-Bengaluru,1.82,0.75,845,189,179
F0131,A350,Chennai-Kolkata,2.16,1.32,1360,325,187
F0802,A321,Delhi-Kolkata,2.28,0.66,1305,220,150
F0443,B787,Chennai-Dubai,4.06,1.46,2930,290,246
F0671,A350,Delhi-Bengaluru,2.81,1.17,1740,325,274
F0070,B787,Bengaluru-Kolkata,2.33,1.24,1540,290,179
F0941,A320,Mumbai-Kolkata,2.54,0.89,1660,180,112
F0015,A320,Mumbai-Dubai,2.91,0.58,1930,180,172
F0867,ATR 72,Chennai-Kolkata,2.32,0.67,1360,72,51
F0423,A320,Delhi-Singapore,5.57,1.02,4160,180,138
F0347,B737-800,Mumbai-Singapore,5.52,0.58,3930,189,153
F0415,B787,Mumbai-Kolkata,2.51,1.17,1660,290,206
F0607,A321,Chennai-Hyderabad,1.0,0.88,515,220,163
F0203,B737-800,Delhi-Bengaluru,2.79,0.75,1740,189,163
F0585,A320,Chennai-Singapore,4.49,0.46,2920,180,146
F0177,A350,Mumbai-Singapore,5.73,1.65,3930,325,229
F0967,A350,Mumbai-Singapore,5.43,1.19,3930,325,209
F0431,ATR 72,Chennai-Mumbai,2.21,0.55,1034,72,53
F0893,B737-800,Mumbai-Kolkata,2.46,0.88,1660,189,153
F0784,A321,Mumbai-Bengaluru,1.62,0.86,845,220,175
F0124,A321,Bengaluru-Kolkata,2.37,0.72,1540,220,162
F0149,A350,Mumbai-Dubai,3.39,1.39,1930,325,291
F0125,ATR 72,Delhi-Hyderabad,2.33,0.48,1260,72,53
F0065,B737-800,Mumbai-Singapore,5.68,0.64,3930,189,140
F0059,B737-800,Chennai-Dubai,4.24,0.78,2930,189,146
F0490,A321,Chennai-Kolkata,2.25,1.02,1360,220,143
F0134,A350,Mumbai-Bengaluru,1.49,1.6,845,325,275
F0932,A321,Chennai-Kolkata,2.21,0.77,1360,220,143
F0484,A320,Mumbai-Singapore,5.53,0.88,3930,180,160
F0753,A321,Mumbai-Kolkata,2.56,1.03,1660,220,151
F0035,A350,Chennai-Mumbai,1.82,1.32,1034,325,261
F0049,B737-800,Chennai-Hyderabad,1.09,0.65,515,189,165
F0432,A320,Mumbai-Singapore,5.39,0.9,3930,180,128
F0850,A321,Chennai-Hyderabad,1.03,1.31,515,220,179
F0976,A320,Delhi-Hyderabad,2.17,0.79,1260,180,126
F0736,A321,Delhi-Dubai,3.57,0.92,2190,220,170
F0116,ATR 72,Delhi-Dubai,3.96,0.56,2190,72,63
F0210,A320,Mumbai-Bengaluru,1.65,0.67,845,180,150
F0258,A320,Bengaluru-Hyderabad,0.9,0.7,500,180,152
F0623,B737-800,Mumbai-Dubai,3.31,0.89,1930,189,168
F0091,B787,Chennai-Kolkata,2.23,1.39,1360,290,194
F0822,ATR 72,Delhi-Kolkata,2.74,0.39,1305,72,65
F0986,B737-800,Chennai-Singapore,4.08,0.8,2920,189,174
F0723,A320,Mumbai-Dubai,3.39,0.75,1930,180,159
F0306,B737-800,Delhi-Singapore,5.99,0.8,4160,189,169
F0695,B737-800,Mumbai-Kolkata,2.45,0.97,1660,189,142
F0597,A321,Delhi-Dubai,3.74,1.07,2190,220,192
F0031,A321,Chennai-Mumbai,2.01,0.98,1034,220,144
F0399,A320,Delhi-Dubai,3.7,1.0,2190,180,143
F0883,A321,Chennai-Dubai,4.19,0.84,2930,220,197
F0166,B737-800,Chennai-Bengaluru,0.82,0.68,290,189,185
F0425,B787,Delhi-Hyderabad,2.31,1.14,1260,290,209
F0408,B737-800,Chennai-Dubai,4.36,1.0,2930,189,182
F0978,A320,Bengaluru-Kolkata,2.4,0.77,1540,180,144
F0424,A320,Mumbai-Bengaluru,1.84,0.57,845,180,153
F0565,ATR 72,Chennai-Hyderabad,0.9,1.09,515,72,63
F0455,A320,Delhi-Hyderabad,2.17,0.6,1260,180,133
F0277,ATR 72,Delhi-Dubai,3.85,0.45,2190,72,59
F0799,A320,Mumbai-Singapore,5.54,0.77,3930,180,162
F0786,B787,Delhi-Kolkata,2.28,1.42,1305,290,250
F0917,A321,Hyderabad-Kolkata,2.13,0.88,1180,220,162
F0731,A320,Chennai-Singapore,4.23,0.76,2920,180,151
F0464,A320,Chennai-Hyderabad,1.18,0.61,515,180,158
F0972,A320,Delhi-Bengaluru,2.75,0.75,1740,180,154
F0864,A320,Mumbai-Bengaluru,1.65,0.86,845,180,172
F0732,ATR 72,Delhi-Bengaluru,3.01,0.62,1740,72,67
F0858,B737-800,Chennai-Hyderabad,1.1,0.71,515,189,159
F0800,A320,Delhi-Singapore,5.77,0.45,4160,180,176
F0947,A321,Delhi-Kolkata,2.11,0.95,1305,220,179
F0657,B787,Delhi-Kolkata,2.26,1.05,1305,290,230
F0458,A320,Mumbai-Singapore,5.55,0.82,3930,180,122
F0014,A321,Delhi-Dubai,3.65,1.14,2190,220,186
F0536,A321,Mumbai-Singapore,5.55,0.89,3930,220,179
F0958,A350,Mumbai-Delhi,1.97,1.27,1148,325,283
F0160,A320,Chennai-Dubai,3.88,0.83,2930,180,152
F0523,A320,Chennai-Singapore,4.25,0.98,2920,180,149
F0485,A321,Delhi-Dubai,3.47,0.92,2190,220,158
F0183,ATR 72,Chennai-Mumbai,2.07,0.57,1034,72,61
F0275,B737-800,Chennai-Mumbai,2.1,0.69,1034,189,151
F0362,A321,Delhi-Dubai,3.38,0.96,2190,220,202
F0698,B737-800,Mumbai-Delhi,1.89,0.62,1148,189,181
F0857,B737-800,Delhi-Hyderabad,2.07,0.48,1260,189,166
F0479,B737-800,Mumbai-Kolkata,2.54,0.74,1660,189,133
F0223,ATR 72,Mumbai-Delhi,2.18,0.56,1148,72,65
F0315,B737-800,Delhi-Hyderabad,2.26,0.83,1260,189,162
F0953,ATR 72,Chennai-Bengaluru,0.86,0.63,290,72,69
F0745,ATR 72,Mumbai-Kolkata,2.97,0.61,1660,72,43
F0413,A321,Chennai-Kolkata,2.38,0.79,1360,220,192
F0911,ATR 72,Chennai-Hyderabad,0.96,1.23,515,72,64
F0563,A321,Mumbai-Kolkata,2.55,0.71,1660,220,123
F0780,ATR 72,Mumbai-Dubai,3.68,0.39,1930,72,56
F0303,ATR 72,Hyderabad-Kolkata,2.15,0.4,1180,72,52
F0475,A321,Chennai-Mumbai,2.09,0.94,1034,220,165
F0047,B737-800,Chennai-Delhi,2.84,0.84,1760,189,140
F0165,B787,Mumbai-Dubai,3.2,1.39,1930,290,238
F0582,A320,Bengaluru-Kolkata,2.27,0.64,1540,180,131
F0840,B737-800,Delhi-Hyderabad,2.12,0.62,1260,189,143
F0573,B737-800,Delhi-Hyderabad,2.09,0.89,1260,189,160
F0495,B737-800,Mumbai-Kolkata,2.56,0.7,1660,189,151
F0811,A321,Mumbai-Dubai,3.38,0.76,1930,220,210
F0625,A320,Chennai-Bengaluru,0.81,0.85,290,180,170
F0017,B737-800,Delhi-Kolkata,2.3,0.52,1305,189,155
F0572,A320,Bengaluru-Kolkata,2.59,0.66,1540,180,142
F0691,B737-800,Mumbai-Kolkata,2.62,0.86,1660,189,137
F0632,A321,Mumbai-Delhi,2.05,0.67,1148,220,190
F0789,A320,Chennai-Kolkata,2.24,0.81,1360,180,132
F0790,A350,Delhi-Bengaluru,2.65,1.16,1740,325,207
F0778,B787,Bengaluru-Kolkata,2.48,1.38,1540,290,204
F0688,B737-800,Delhi-Hyderabad,2.19,0.77,1260,189,163
F0090,B737-800,Delhi-Dubai,3.64,0.71,2190,189,165
F0930,A320,Chennai-Dubai,4.07,0.83,2930,180,146
F0990,ATR 72,Delhi-Bengaluru,3.05,0.62,1740,72,67
F0372,B787,Chennai-Singapore,4.18,1.44,2920,290,225
F0547,A321,Chennai-Kolkata,2.21,0.99,1360,220,162
F0336,A320,Chennai-Bengaluru,0.63,0.81,290,180,164
F0236,B737-800,Mumbai-Dubai,3.59,0.89,1930,189,179
F0841,A320,Delhi-Singapore,5.65,0.63,4160,180,123
F0186,B737-800,Delhi-Bengaluru,2.63,0.65,1740,189,160
F0055,A320,Mumbai-Delhi,2.09,0.74,1148,180,172
F0872,A320,Mumbai-Kolkata,2.54,0.52,1660,180,138
F0681,A320,Hyderabad-Kolkata,2.09,0.69,1180,180,131
F0761,A320,Chennai-Kolkata,2.09,0.72,1360,180,125
F0506,B737-800,Chennai-Mumbai,2.21,0.84,1034,189,151
F0191,A321,Chennai-Kolkata,2.09,0.9,1360,220,117
F0755,B737-800,Delhi-Dubai,3.54,0.83,2190,189,160
F0819,B737-800,Chennai-Delhi,2.61,0.69,1760,189,134
F0769,B787,Chennai-Kolkata,2.21,1.44,1360,290,235
F0325,A320,Mumbai-Dubai,3.24,0.78,1930,180,161
F0329,A321,Mumbai-Singapore,5.59,0.71,3930,220,148
F0048,B737-800,Delhi-Dubai,3.52,0.61,2190,189,159
F0510,A320,Delhi-Kolkata,2.22,0.7,1305,180,162
F0738,ATR 72,Chennai-Hyderabad,1.12,0.43,515,72,61
F0824,A350,Chennai-Dubai,3.98,1.38,2930,325,261
F0955,B737-800,Chennai-Kolkata,2.43,0.99,1360,189,127
F0446,B737-800,Chennai-Singapore,4.37,0.76,2920,189,162
F0499,A320,Chennai-Singapore,4.28,0.83,2920,180,144
F0720,A320,Chennai-Hyderabad,0.96,0.73,515,180,150
F0635,ATR 72,Chennai-Kolkata,2.49,0.4,1360,72,55
F0106,A321,Chennai-Bengaluru,0.72,0.77,290,220,216
F0259,B737-800,Chennai-Kolkata,2.08,0.91,1360,189,140
F0869,A320,Delhi-Bengaluru,2.87,0.73,1740,180,172
F0888,B737-800,Bengaluru-Kolkata,2.43,0.58,1540,189,167
F0053,A350,Delhi-Dubai,3.38,1.34,2190,325,239
F0985,B737-800,Mumbai-Bengaluru,1.81,0.8,845,189,176
F0299,ATR 72,Chennai-Hyderabad,1.18,1.42,515,72,59
F0233,A320,Delhi-Kolkata,2.25,0.43,1305,180,150
F0964,A321,Chennai-Delhi,2.91,0.76,1760,220,146
F0098,B737-800,Delhi-Hyderabad,2.2,0.81,1260,189,155
F0350,A320,Delhi-Singapore,6.05,0.54,4160,180,171
F0309,A321,Mumbai-Bengaluru,1.68,0.94,845,220,196
F0826,A321,Chennai-Singapore,4.28,0.79,2920,220,216
F0042,A321,Mumbai-Kolkata,2.5,0.72,1660,220,131
F0645,A321,Bengaluru-Kolkata,2.49,0.86,1540,220,198
F0487,B737-800,Mumbai-Dubai,3.28,0.73,1930,189,174
F0576,B737-800,Delhi-Singapore,5.73,0.76,4160,189,148
F0697,A321,Delhi-Bengaluru,2.77,0.8,1740,220,194
F0595,A350,Chennai-Dubai,4.14,1.42,2930,325,227
F0448,A320,Bengaluru-Kolkata,2.54,0.98,1540,180,132
F0901,B787,Mumbai-Singapore,5.57,1.24,3930,290,218
F0112,A321,Delhi-Kolkata,2.26,0.87,1305,220,170
F0574,B787,Delhi-Singapore,5.62,1.25,4160,290,186
F0037,B737-800,Delhi-Bengaluru,2.83,0.78,1740,189,156
F0403,B737-800,Chennai-Singapore,4.21,0.8,2920,189,133
F0068,B737-800,Mumbai-Delhi,2.05,0.45,1148,189,178
F0794,ATR 72,Chennai-Kolkata,2.44,0.61,1360,72,58
F0018,ATR 72,Hyderabad-Kolkata,2.09,0.76,1180,72,57
F0099,A320,Delhi-Bengaluru,2.75,0.77,1740,180,163
F0088,B737-800,Chennai-Hyderabad,1.04,0.95,515,189,171
F0313,A321,Chennai-Kolkata,2.08,0.67,1360,220,178
F0813,B737-800,Delhi-Singapore,5.59,0.97,4160,189,137
F0733,A350,Bengaluru-Kolkata,2.31,1.33,1540,325,242
F0871,ATR 72,Delhi-Dubai,3.92,0.58,2190,72,61
F0921,A320,Chennai-Mumbai,2.24,0.77,1034,180,158
F0739,ATR 72,Mumbai-Bengaluru,1.86,0.64,845,72,71
F0646,A350,Mumbai-Bengaluru,1.71,1.51,845,325,240
F0207,A321,Bengaluru-Kolkata,2.27,0.68,1540,220,182
F0268,B737-800,Chennai-Hyderabad,0.79,0.62,515,189,155
F0083,A320,Mumbai-Dubai,3.13,0.88,1930,180,165
F0038,B737-800,Mumbai-Kolkata,2.52,0.9,1660,189,97
F0019,A350,Chennai-Delhi,2.79,1.4,1760,325,191
F0360,A321,Delhi-Kolkata,2.33,0.91,1305,220,192
F0255,A320,Bengaluru-Hyderabad,1.12,1.5,500,180,165
F0173,ATR 72,Bengaluru-Hyderabad,1.17,0.65,500,72,65
F0879,ATR 72,Mumbai-Bengaluru,1.63,0.77,845,72,62
F0062,ATR 72,Mumbai-Dubai,3.66,0.67,1930,72,71
F0102,B737-800,Chennai-Bengaluru,0.68,0.67,290,189,157
F0995,ATR 72,Chennai-Hyderabad,1.32,0.74,515,72,58
F0805,B737-800,Hyderabad-Kolkata,2.12,0.73,1180,189,161
F0553,A350,Delhi-Kolkata,2.33,1.42,1305,325,212
F0433,B787,Chennai-Dubai,4.16,1.1,2930,290,236
F0855,A321,Chennai-Kolkata,2.03,0.98,1360,220,144
F0680,B737-800,Chennai-Singapore,4.38,0.79,2920,189,181
F0709,ATR 72,Chennai-Hyderabad,1.14,0.35,515,72,61
F0045,B737-800,Chennai-Bengaluru,0.77,0.81,290,189,185
F0878,A321,Delhi-Kolkata,2.33,0.96,1305,220,184
F0121,ATR 72,Bengaluru-Kolkata,2.73,0.51,1540,72,50
F0776,ATR 72,Chennai-Kolkata,2.48,0.49,1360,72,54
F0182,A350,Chennai-Hyderabad,1.04,1.24,515,325,259
F0559,A321,Bengaluru-Kolkata,2.39,0.74,1540,220,158
F0768,A321,Mumbai-Bengaluru,1.4,0.62,845,220,183
F0752,B737-800,Chennai-Bengaluru,0.77,1.22,290,189,181
F0900,A321,Chennai-Singapore,4.24,0.91,2920,220,165
F0540,A321,Chennai-Delhi,2.65,0.89,1760,220,173
F0881,B737-800,Delhi-Dubai,3.56,0.47,2190,189,146
F0127,A321,Chennai-Bengaluru,1.02,1.13,290,220,211
F0297,B787,Delhi-Kolkata,2.33,1.23,1305,290,235
F0542,A321,Mumbai-Delhi,1.88,0.79,1148,220,187
F0428,B737-800,Chennai-Mumbai,2.09,0.53,1034,189,168
F0373,B737-800,Chennai-Bengaluru,0.84,0.56,290,189,174
F0375,ATR 72,Bengaluru-Kolkata,2.82,0.45,1540,72,52
F0601,ATR 72,Mumbai-Bengaluru,1.93,0.52,845,72,63
F0493,B787,Chennai-Delhi,2.78,1.13,1760,290,239
F0376,B787,Chennai-Delhi,2.75,1.15,1760,290,208
F0109,A320,Delhi-Dubai,3.62,0.78,2190,180,171
F0021,A321,Chennai-Dubai,4.07,0.65,2930,220,199
F0333,A350,Chennai-Singapore,4.61,0.95,2920,325,244
F0702,B737-800,Bengaluru-Hyderabad,1.04,0.92,500,189,185
F0983,B737-800,Delhi-Singapore,5.78,0.73,4160,189,161
F0234,A321,Mumbai-Singapore,6.19,0.46,3930,220,159
F0934,A321,Bengaluru-Kolkata,2.58,0.74,1540,220,172
F0619,B737-800,Mumbai-Bengaluru,1.52,0.96,845,189,142
F0873,A350,Delhi-Hyderabad,2.13,1.36,1260,325,214
F0028,B737-800,Mumbai-Dubai,3.43,0.9,1930,189,179
F0579,B737-800,Delhi-Hyderabad,2.18,0.46,1260,189,169
F0689,B737-800,Chennai-Hyderabad,1.02,0.53,515,189,157
F0282,A320,Chennai-Kolkata,2.2,0.93,1360,180,140
F0771,A320,Chennai-Dubai,4.15,0.93,2930,180,133
F0012,A320,Mumbai-Bengaluru,1.68,0.68,845,180,169
F0713,ATR 72,Chennai-Delhi,3.12,0.62,1760,72,56
F0352,A320,Delhi-Bengaluru,2.86,0.58,1740,180,148
F0340,A320,Mumbai-Kolkata,2.56,0.94,1660,180,132
F0120,B787,Hyderabad-Kolkata,1.99,1.18,1180,290,192
F0126,A320,Mumbai-Delhi,2.05,0.65,1148,180,161
F0180,B787,Hyderabad-Kolkata,2.04,1.16,1180,290,166
F0806,B787,Chennai-Kolkata,2.46,1.29,1360,290,187
F0332,A320,Delhi-Kolkata,2.09,0.76,1305,180,145
F0176,A350,Hyderabad-Kolkata,2.05,1.17,1180,325,183
F0273,A321,Chennai-Kolkata,2.16,0.82,1360,220,139
F0157,B737-800,Bengaluru-Hyderabad,1.02,0.81,500,189,179
F0218,ATR 72,Mumbai-Bengaluru,1.98,0.7,845,72,64
F0860,B737-800,Mumbai-Dubai,3.29,0.53,1930,189,185
F0089,B737-800,Delhi-Singapore,6.4,0.35,4160,189,162
F0626,A321,Mumbai-Kolkata,2.49,0.83,1660,220,125
F0322,A321,Chennai-Singapore,4.32,1.08,2920,220,216
F0634,B737-800,Mumbai-Bengaluru,1.66,0.45,845,189,145
F0450,B787,Chennai-Mumbai,2.07,1.14,1034,290,229
F0389,A320,Delhi-Bengaluru,2.91,0.62,1740,180,176
F0683,B737-800,Bengaluru-Hyderabad,1.08,0.68,500,189,185
F0130,B737-800,Mumbai-Kolkata,2.5,0.71,1660,189,151
F0295,ATR 72,Chennai-Hyderabad,1.14,0.52,515,72,65
F0290,A320,Chennai-Bengaluru,0.67,0.7,290,180,164
F0226,A320,Chennai-Bengaluru,0.64,0.82,290,180,168
F0504,A350,Mumbai-Dubai,3.54,1.19,1930,325,299
F0783,ATR 72,Bengaluru-Kolkata,2.77,0.35,1540,72,68
F0876,A320,Chennai-Singapore,4.28,0.72,2920,180,149
F0997,A321,Chennai-Bengaluru,0.7,0.95,290,220,200
F0651,A320,Mumbai-Singapore,5.63,0.89,3930,180,144
F0913,B787,Chennai-Singapore,4.13,1.23,2920,290,231
F0531,A321,Mumbai-Dubai,3.31,0.91,1930,220,207
F0877,A320,Delhi-Kolkata,2.17,0.82,1305,180,154
F0324,A320,Bengaluru-Hyderabad,1.06,0.84,500,180,137
F0832,A320,Chennai-Dubai,4.2,0.81,2930,180,163
F0711,A321,Delhi-Dubai,3.63,1.05,2190,220,189
F0219,ATR 72,Chennai-Bengaluru,0.64,1.1,290,72,59
F0551,A321,Chennai-Mumbai,2.05,0.61,1034,220,171
F0392,B737-800,Chennai-Hyderabad,1.03,0.72,515,189,177
F0808,A320,Mumbai-Bengaluru,1.75,0.87,845,180,168
F0161,A350,Mumbai-Singapore,5.55,1.32,3930,325,243
F0696,B737-800,Mumbai-Bengaluru,1.67,0.68,845,189,165
F0034,B787,Mumbai-Delhi,1.89,1.08,1148,290,235
F0339,A320,Hyderabad-Kolkata,2.07,0.79,1180,180,130
F0469,B787,Delhi-Bengaluru,2.7,1.3,1740,290,218
F0368,A350,Chennai-Delhi,2.96,1.45,1760,325,257
F0111,B737-800,Delhi-Dubai,3.62,0.84,2190,189,183
F0483,B787,Delhi-Singapore,5.77,1.37,4160,290,231
F0169,ATR 72,Mumbai-Dubai,3.53,0.53,1930,72,71
F0762,B787,Hyderabad-Kolkata,2.16,1.11,1180,290,221
F0522,A320,Mumbai-Kolkata,2.67,0.81,1660,180,102
F0334,A320,Mumbai-Singapore,5.58,0.81,3930,180,155
F0366,A320,Hyderabad-Kolkata,2.23,0.72,1180,180,114
F0326,B737-800,Delhi-Dubai,3.37,0.81,2190,189,173
F0414,B737-800,Delhi-Kolkata,2.3,0.83,1305,189,152
F0722,A350,Delhi-Hyderabad,2.23,1.16,1260,325,246
F0882,A320,Delhi-Singapore,5.78,0.81,4160,180,169
F0194,A350,Delhi-Kolkata,2.23,1.31,1305,325,241
F0787,A321,Chennai-Singapore,4.31,0.73,2920,220,201
F0232,B737-800,Bengaluru-Kolkata,2.51,1.23,1540,189,146
F0687,A320,Mumbai-Kolkata,2.49,0.74,1660,180,142
F0283,A321,Delhi-Singapore,5.76,0.92,4160,220,166
F0451,B737-800,Bengaluru-Hyderabad,1.0,0.43,500,189,174
F0508,A320,Hyderabad-Kolkata,1.97,0.53,1180,180,111
F0515,A320,Chennai-Kolkata,2.19,0.77,1360,180,137
F0006,B737-800,Mumbai-Delhi,1.99,0.92,1148,189,160
F0823,A320,Mumbai-Delhi,1.94,0.71,1148,180,173
F0398,A321,Delhi-Bengaluru,2.89,0.53,1740,220,213
F0003,A320,Delhi-Bengaluru,2.77,0.95,1740,180,152
F0847,ATR 72,Bengaluru-Hyderabad,0.98,0.65,500,72,55
F0467,B787,Mumbai-Bengaluru,1.55,1.36,845,290,175
F0312,A320,Chennai-Mumbai,2.19,0.89,1034,180,154
F0977,ATR 72,Delhi-Bengaluru,3.14,0.62,1740,72,62
F0610,A320,Hyderabad-Kolkata,2.09,0.85,1180,180,131
F0370,B737-800,Chennai-Dubai,4.23,0.79,2930,189,155
F0640,B737-800,Chennai-Dubai,4.32,0.84,2930,189,182
F0029,B737-800,Chennai-Delhi,2.79,0.76,1760,189,127
F0865,A320,Delhi-Hyderabad,2.15,0.75,1260,180,118
F0044,B787,Delhi-Dubai,3.31,1.24,2190,290,270
F0942,A350,Chennai-Mumbai,2.03,1.35,1034,325,217
F0620,B737-800,Mumbai-Kolkata,2.69,0.79,1660,189,157
F0758,B787,Mumbai-Singapore,5.56,1.33,3930,290,200
F0178,A350,Mumbai-Singapore,5.61,1.25,3930,325,203
F0851,A320,Mumbai-Kolkata,2.62,0.56,1660,180,117
F0009,A321,Chennai-Singapore,4.35,0.74,2920,220,194
F0174,A321,Chennai-Delhi,2.77,0.52,1760,220,141
F0608,B737-800,Delhi-Kolkata,2.34,0.89,1305,189,159
F0417,B787,Mumbai-Dubai,3.16,1.09,1930,290,270
F0452,A320,Chennai-Bengaluru,0.56,0.71,290,180,176
F0781,A321,Delhi-Hyderabad,2.07,0.97,1260,220,188
F0973,ATR 72,Chennai-Hyderabad,0.95,0.76,515,72,62
F0287,B787,Delhi-Hyderabad,2.1,1.23,1260,290,194
F0886,A320,Mumbai-Delhi,1.78,0.75,1148,180,158
F0385,A321,Mumbai-Delhi,1.94,0.7,1148,220,202
F0966,B737-800,Mumbai-Bengaluru,1.55,0.67,845,189,165
F0617,B737-800,Mumbai-Singapore,5.73,0.65,3930,189,152
F0011,A320,Chennai-Singapore,4.21,0.78,2920,180,137
F0588,A320,Bengaluru-Kolkata,2.51,0.8,1540,180,134
F0772,ATR 72,Mumbai-Bengaluru,1.87,0.54,845,72,55
F0445,B737-800,Bengaluru-Hyderabad,1.09,0.64,500,189,177
F0078,A321,Mumbai-Bengaluru,1.65,0.75,845,220,162
F0543,A320,Mumbai-Delhi,2.0,0.79,1148,180,176
F0571,A320,Chennai-Dubai,4.29,0.72,2930,180,152
F0286,ATR 72,Mumbai-Kolkata,2.6,0.61,1660,72,51
F0496,A321,Chennai-Mumbai,1.96,1.14,1034,220,177
F0244,B737-800,Bengaluru-Kolkata,2.44,0.85,1540,189,168
F0767,B737-800,Mumbai-Delhi,2.1,0.89,1148,189,173
F0614,B787,Hyderabad-Kolkata,2.19,1.11,1180,290,187
F0511,A320,Delhi-Bengaluru,2.71,0.66,1740,180,156
F0989,A320,Chennai-Singapore,4.21,0.52,2920,180,153
F0557,B737-800,Mumbai-Kolkata,2.33,0.6,1660,189,141
F0682,A321,Mumbai-Delhi,1.9,0.81,1148,220,190
F0555,B737-800,Delhi-Kolkata,2.16,0.7,1305,189,169
F0190,A321,Bengaluru-Hyderabad,0.9,0.92,500,220,182
F0076,A350,Hyderabad-Kolkata,2.16,1.19,1180,325,253
F0085,A320,Bengaluru-Kolkata,2.48,0.62,1540,180,130
F0311,A321,Delhi-Singapore,5.7,0.81,4160,220,197
F0222,A320,Mumbai-Dubai,3.39,0.79,1930,180,165
F0717,A321,Chennai-Kolkata,2.04,1.12,1360,220,140
F0998,ATR 72,Delhi-Bengaluru,2.99,0.5,1740,72,56
F0686,B737-800,Chennai-Dubai,4.11,0.88,2930,189,176
F0560,A320,Mumbai-Delhi,2.05,0.77,1148,180,162
F0594,A320,Delhi-Bengaluru,2.74,0.72,1740,180,157
F0963,A321,Chennai-Dubai,4.1,0.96,2930,220,173
F0338,ATR 72,Chennai-Dubai,4.52,0.56,2930,72,58
F0321,B737-800,Mumbai-Singapore,5.66,0.92,3930,189,143
F0401,A350,Chennai-Singapore,4.14,1.19,2920,325,203
F0206,A321,Delhi-Dubai,3.57,0.82,2190,220,188
F0267,B737-800,Chennai-Kolkata,2.35,0.75,1360,189,131
F0675,A321,Chennai-Singapore,4.14,0.97,2920,220,199
F0541,A321,Chennai-Delhi,2.75,0.95,1760,220,156
F0129,ATR 72,Chennai-Delhi,2.92,0.72,1760,72,70
F1000,A320,Chennai-Bengaluru,1.04,0.73,290,180,174
F0581,A320,Chennai-Bengaluru,0.83,0.93,290,180,167
F0954,B737-800,Chennai-Bengaluru,0.72,0.53,290,189,185
F0852,A320,Mumbai-Delhi,2.19,0.55,1148,180,161
F0200,A320,Delhi-Singapore,5.81,0.7,4160,180,133
F0647,A321,Mumbai-Delhi,1.91,0.86,1148,220,184
F0349,B737-800,Delhi-Dubai,3.66,0.7,2190,189,173
F0649,B787,Chennai-Dubai,4.02,1.27,2930,290,178
F0660,A320,Delhi-Bengaluru,2.86,0.84,1740,180,131
F0073,B737-800,Mumbai-Singapore,5.68,0.62,3930,189,123
F0133,B737-800,Chennai-Hyderabad,0.9,0.71,515,189,147
F0759,B737-800,Mumbai-Kolkata,2.53,0.55,1660,189,131
F0110,A320,Chennai-Bengaluru,0.73,1.15,290,180,176
F0896,A321,Delhi-Bengaluru,3.03,0.93,1740,220,194
F0562,B737-800,Delhi-Bengaluru,2.8,0.8,1740,189,160
F0605,A320,Delhi-Dubai,3.64,0.67,2190,180,169
F0384,A320,Bengaluru-Kolkata,2.45,0.6,1540,180,143
F0887,B787,Mumbai-Kolkata,2.46,1.16,1660,290,179
F0456,A320,Mumbai-Singapore,5.62,0.55,3930,180,146
F0502,A321,Chennai-Dubai,4.12,0.76,2930,220,197
F0240,A321,Chennai-Dubai,4.17,0.81,2930,220,183
F0145,B737-800,Mumbai-Kolkata,2.41,0.79,1660,189,140
F0454,ATR 72,Chennai-Hyderabad,1.25,0.49,515,72,71
F0862,B737-800,Chennai-Bengaluru,0.88,0.54,290,189,170
F0138,ATR 72,Bengaluru-Hyderabad,1.22,0.68,500,72,69
F0201,B737-800,Mumbai-Kolkata,2.46,0.74,1660,189,136
F0807,A320,Chennai-Delhi,2.92,0.96,1760,180,150
F0792,ATR 72,Chennai-Delhi,3.04,0.51,1760,72,51
F0716,B787,Mumbai-Singapore,6.33,0.43,3930,290,219
F0512,ATR 72,Chennai-Delhi,3.06,0.63,1760,72,63
F0667,B737-800,Mumbai-Delhi,1.9,0.96,1148,189,182
F0853,B737-800,Delhi-Hyderabad,2.13,0.78,1260,189,146
F0438,B787,Hyderabad-Kolkata,2.0,1.04,1180,290,177
F0618,B737-800,Hyderabad-Kolkata,1.98,0.72,1180,189,143
F0378,B737-800,Chennai-Dubai,4.15,0.71,2930,189,148
F0497,A321,Delhi-Kolkata,2.25,0.74,1305,220,203
F0751,A321,Delhi-Dubai,3.65,0.95,2190,220,169
F0472,A320,Delhi-Hyderabad,2.35,0.76,1260,180,143
F0187,A350,Mumbai-Delhi,1.85,1.39,1148,325,215
F0056,A321,Hyderabad-Kolkata,1.86,0.77,1180,220,174
F0354,A350,Bengaluru-Kolkata,2.33,1.29,1540,325,222
F0253,ATR 72,Chennai-Hyderabad,0.99,0.55,515,72,63
F0217,A321,Chennai-Delhi,2.77,0.72,1760,220,171
F0633,B737-800,Hyderabad-Kolkata,1.8,0.63,1180,189,116
F0383,B787,Delhi-Bengaluru,2.71,1.45,1740,290,272
F0974,A350,Chennai-Singapore,4.3,1.24,2920,325,282
F0304,A350,Delhi-Hyderabad,2.21,1.28,1260,325,269
F0903,A350,Chennai-Delhi,2.61,1.45,1760,325,198
F0328,A321,Chennai-Delhi,2.84,0.85,1760,220,188
F0263,ATR 72,Mumbai-Delhi,2.21,0.49,1148,72,60
F0164,ATR 72,Chennai-Mumbai,2.16,0.37,1034,72,54
F0654,B737-800,Bengaluru-Hyderabad,1.12,0.81,500,189,147
F0394,B737-800,Mumbai-Kolkata,2.48,0.87,1660,189,125
F0381,A320,Mumbai-Singapore,5.59,0.79,3930,180,136
F0946,A320,Chennai-Dubai,4.59,0.72,2930,180,173
F0612,A320,Chennai-Delhi,2.65,0.73,1760,180,131
F0491,ATR 72,Mumbai-Dubai,3.48,0.46,1930,72,66
F0580,A320,Delhi-Singapore,5.6,0.47,4160,180,144
F0993,A320,Chennai-Kolkata,2.14,0.78,1360,180,113
F0061,A321,Delhi-Kolkata,2.16,1.1,1305,220,215
F0609,A320,Delhi-Kolkata,2.29,0.86,1305,180,166
F0693,A321,Hyderabad-Kolkata,1.93,0.81,1180,220,163
F0757,A350,Delhi-Kolkata,2.16,1.46,1305,325,229
F0213,ATR 72,Mumbai-Dubai,3.62,0.35,1930,72,62
F0453,A320,Delhi-Hyderabad,2.16,0.46,1260,180,133
F0377,B737-800,Chennai-Dubai,4.09,0.57,2930,189,172
F0082,A321,Mumbai-Singapore,5.63,0.96,3930,220,142
F0343,ATR 72,Chennai-Kolkata,2.41,0.76,1360,72,48
F0486,B787,Bengaluru-Kolkata,2.43,1.22,1540,290,246
F0117,A320,Delhi-Kolkata,2.16,0.61,1305,180,160
F0589,B737-800,Mumbai-Kolkata,2.49,0.86,1660,189,147
F0505,A321,Bengaluru-Kolkata,2.45,1.06,1540,220,162
F0406,A320,Chennai-Singapore,4.41,0.63,2920,180,147
F0950,A320,Delhi-Kolkata,2.33,0.82,1305,180,163
F0516,B787,Hyderabad-Kolkata,2.07,1.24,1180,290,226
F0441,A321,Delhi-Kolkata,2.25,0.77,1305,220,176
F0611,A320,Chennai-Singapore,4.23,0.77,2920,180,176
F0241,A321,Bengaluru-Kolkata,2.57,0.84,1540,220,192
F0718,ATR 72,Delhi-Bengaluru,3.07,0.38,1740,72,63
F0567,B737-800,Delhi-Kolkata,2.08,0.6,1305,189,158
F0629,ATR 72,Mumbai-Dubai,3.5,0.64,1930,72,56
F0797,B737-800,Delhi-Bengaluru,2.78,0.68,1740,189,163
F0170,ATR 72,Mumbai-Delhi,2.28,0.42,1148,72,71
F0904,A320,Chennai-Singapore,4.39,0.73,2920,180,169
F0114,A321,Delhi-Singapore,6.29,0.64,4160,220,169
F0725,B787,Bengaluru-Kolkata,2.3,1.37,1540,290,224
F0846,A320,Chennai-Hyderabad,0.99,0.81,515,180,159
F0818,B737-800,Chennai-Singapore,4.74,0.61,2920,189,156
F0961,B737-800,Mumbai-Dubai,3.17,0.62,1930,189,185
F0622,A320,Mumbai-Kolkata,2.6,0.76,1660,180,126
F0665,A321,Mumbai-Delhi,2.24,0.76,1148,220,215
F0899,A350,Bengaluru-Kolkata,2.5,1.16,1540,325,292
F0804,A350,Bengaluru-Kolkata,2.5,1.33,1540,325,243
F0809,A350,Chennai-Mumbai,2.14,1.49,1034,325,227
F0641,ATR 72,Bengaluru-Kolkata,2.62,0.61,1540,72,54
F0181,A321,Chennai-Singapore,4.29,0.87,2920,220,207
F0895,B737-800,Delhi-Singapore,6.25,0.37,4160,189,124
F0837,B737-800,Delhi-Dubai,3.63,0.84,2190,189,176
F0371,A320,Hyderabad-Kolkata,1.69,0.98,1180,180,139
F0988,A350,Delhi-Bengaluru,2.89,1.26,1740,325,239
F0891,B737-800,Chennai-Singapore,4.27,0.58,2920,189,179
F0677,A350,Delhi-Singapore,5.58,1.53,4160,325,227
F0122,A321,Mumbai-Bengaluru,1.78,0.73,845,220,178
F0915,A320,Bengaluru-Kolkata,2.36,0.57,1540,180,128
F0530,B737-800,Delhi-Singapore,6.36,0.71,4160,189,169
F0457,A320,Delhi-Hyderabad,2.23,0.76,1260,180,125
F0897,B737-800,Chennai-Bengaluru,0.71,0.63,290,189,185
F0533,B787,Mumbai-Singapore,5.64,1.38,3930,290,212
F0712,B737-800,Delhi-Dubai,3.66,0.9,2190,189,153
F0870,ATR 72,Bengaluru-Hyderabad,1.06,0.74,500,72,71
F0243,B737-800,Chennai-Bengaluru,0.86,1.35,290,189,172
F0488,A321,Chennai-Dubai,4.35,0.94,2930,220,199
F0356,A320,Delhi-Singapore,5.94,0.7,4160,180,137
F0670,A320,Delhi-Hyderabad,2.21,0.95,1260,180,118
F0221,B737-800,Delhi-Kolkata,2.42,0.94,1305,189,136
F0593,A320,Chennai-Singapore,4.26,0.59,2920,180,174
F0748,A320,Chennai-Dubai,4.02,0.61,2930,180,157
F0914,A320,Bengaluru-Kolkata,2.45,0.7,1540,180,149
F0905,A321,Chennai-Hyderabad,0.96,0.87,515,220,160
F0103,B787,Chennai-Mumbai,1.91,1.27,1034,290,207
F0754,A350,Chennai-Delhi,2.77,1.46,1760,325,250
F0246,A321,Mumbai-Kolkata,2.73,0.95,1660,220,158
F0465,A321,Delhi-Dubai,3.51,0.98,2190,220,203
F0150,B737-800,Chennai-Singapore,4.86,0.62,2920,189,164
F0010,ATR 72,Mumbai-Kolkata,2.91,0.4,1660,72,51
F0639,ATR 72,Mumbai-Delhi,1.95,0.52,1148,72,66
F0760,A321,Delhi-Bengaluru,2.76,1.1,1740,220,204
F0319,ATR 72,Bengaluru-Kolkata,2.67,0.49,1540,72,52
F0982,ATR 72,Delhi-Dubai,3.79,0.64,2190,72,64
F0260,A320,Chennai-Hyderabad,1.24,1.25,515,180,147
F0247,A321,Chennai-Dubai,4.08,0.83,2930,220,162
F0672,B737-800,Hyderabad-Kolkata,2.0,0.61,1180,189,138
F0740,B787,Delhi-Kolkata,2.14,1.28,1305,290,284
F0919,A320,Delhi-Bengaluru,2.84,0.95,1740,180,166
F0747,B737-800,Mumbai-Bengaluru,1.54,0.7,845,189,168
F0086,B737-800,Delhi-Kolkata,2.29,0.86,1305,189,149
F0024,ATR 72,Delhi-Kolkata,2.66,0.61,1305,72,63
F0890,B737-800,Delhi-Hyderabad,2.22,0.68,1260,189,167
F0700,ATR 72,Delhi-Kolkata,2.42,0.59,1305,72,58
F0071,B737-800,Chennai-Dubai,4.17,0.85,2930,189,150
F0256,B737-800,Bengaluru-Kolkata,2.46,0.69,1540,189,161
F0600,B737-800,Mumbai-Bengaluru,1.75,0.76,845,189,163
F0341,B737-800,Delhi-Dubai,3.65,0.72,2190,189,167
F0231,A320,Mumbai-Singapore,5.5,0.74,3930,180,127
F0192,A320,Chennai-Kolkata,2.21,0.74,1360,180,155
F0081,A320,Chennai-Mumbai,1.95,0.88,1034,180,148
F0566,A321,Chennai-Hyderabad,0.87,1.22,515,220,167
F0079,A321,Mumbai-Dubai,3.15,0.98,1930,220,207
F0642,A320,Chennai-Bengaluru,0.74,0.94,290,180,130
F0602,B737-800,Mumbai-Delhi,1.99,0.54,1148,189,185
F0105,A320,Mumbai-Bengaluru,1.5,0.85,845,180,152
F0928,A321,Chennai-Singapore,4.22,0.9,2920,220,178
F0171,B737-800,Chennai-Bengaluru,0.74,0.66,290,189,183
F0279,A321,Delhi-Dubai,3.55,0.6,2190,220,165
F0291,A321,Delhi-Kolkata,2.2,1.05,1305,220,182
F0387,A321,Bengaluru-Kolkata,2.38,0.72,1540,220,166
F0318,A321,Mumbai-Singapore,5.64,0.88,3930,220,184
F0528,A321,Chennai-Dubai,4.12,0.96,2930,220,183
F0289,A321,Chennai-Hyderabad,1.03,0.9,515,220,189
F0971,A350,Mumbai-Bengaluru,1.56,1.46,845,325,252
F0874,A320,Hyderabad-Kolkata,1.76,0.84,1180,180,119
F0643,A320,Bengaluru-Hyderabad,0.97,1.02,500,180,175
F0994,ATR 72,Chennai-Kolkata,2.37,0.66,1360,72,56
F0199,B737-800,Mumbai-Delhi,2.03,0.91,1148,189,167
F0242,B737-800,Bengaluru-Kolkata,2.41,0.66,1540,189,145
F0063,B737-800,Bengaluru-Hyderabad,0.95,0.62,500,189,132
F0172,A321,Mumbai-Singapore,5.46,0.79,3930,220,180
F0624,A321,Chennai-Kolkata,2.38,0.89,1360,220,156
F0305,A320,Delhi-Singapore,5.68,0.74,4160,180,132
F0987,A321,Mumbai-Singapore,5.85,1.12,3930,220,160
F0266,A321,Chennai-Hyderabad,1.12,0.96,515,220,187
F0359,ATR 72,Chennai-Bengaluru,0.79,0.53,290,72,67
F0773,ATR 72,Mumbai-Delhi,2.26,0.67,1148,72,68
F0008,B737-800,Delhi-Kolkata,2.13,0.82,1305,189,158
F0390,A320,Chennai-Dubai,4.05,0.65,2930,180,151
F0924,A350,Mumbai-Delhi,1.98,1.41,1148,325,274
F0910,A320,Chennai-Hyderabad,1.13,0.74,515,180,159
F0742,A320,Chennai-Singapore,4.22,1.04,2920,180,166
F0810,A321,Bengaluru-Kolkata,2.23,0.87,1540,220,178
F0719,A320,Chennai-Mumbai,2.25,0.69,1034,180,153
F0474,A320,Mumbai-Delhi,1.92,0.72,1148,180,175
F0439,A320,Delhi-Hyderabad,2.33,0.72,1260,180,161
F0473,B737-800,Chennai-Singapore,4.29,0.78,2920,189,169
F0225,A321,Chennai-Dubai,4.32,0.94,2930,220,196
F0925,A321,Mumbai-Kolkata,2.59,0.86,1660,220,170
F0500,A321,Bengaluru-Kolkata,2.46,1.14,1540,220,173
F0741,A320,Bengaluru-Kolkata,2.42,0.89,1540,180,147
F0396,B787,Chennai-Dubai,4.1,1.42,2930,290,181
F0220,B737-800,Mumbai-Bengaluru,1.72,0.74,845,189,170
F0257,A320,Delhi-Dubai,3.57,0.84,2190,180,156
F0163,A320,Chennai-Mumbai,2.04,0.57,1034,180,137
F0224,B737-800,Bengaluru-Hyderabad,1.05,0.78,500,189,173
F0991,A320,Mumbai-Delhi,2.06,0.69,1148,180,163
F0361,B737-800,Chennai-Dubai,4.27,0.76,2930,189,143
F0968,B737-800,Mumbai-Dubai,3.52,0.87,1930,189,172
F0796,ATR 72,Delhi-Dubai,3.85,0.71,2190,72,64
F0854,A320,Chennai-Mumbai,2.16,0.81,1034,180,144
F0307,A320,Chennai-Mumbai,1.98,0.68,1034,180,144
F0937,A321,Delhi-Kolkata,2.22,0.9,1305,220,173
F0606,A321,Mumbai-Kolkata,2.62,0.92,1660,220,156
F0005,B787,Delhi-Hyderabad,2.11,1.26,1260,290,185
F0944,B737-800,Delhi-Bengaluru,2.59,0.77,1740,189,167
F0043,A350,Delhi-Bengaluru,2.74,1.22,1740,325,262
F0798,B737-800,Chennai-Bengaluru,0.77,0.78,290,189,152
F0107,B737-800,Delhi-Dubai,3.84,0.62,2190,189,142
F0280,A321,Chennai-Hyderabad,1.12,0.81,515,220,182
F0292,B737-800,Chennai-Dubai,4.24,0.78,2930,189,160
F0694,B737-800,Chennai-Hyderabad,1.03,0.73,515,189,174
F0908,B787,Chennai-Mumbai,2.23,1.27,1034,290,219
F0763,A320,Mumbai-Delhi,1.92,1.01,1148,180,169
F0466,ATR 72,Delhi-Kolkata,2.41,0.45,1305,72,64
F0296,B787,Mumbai-Kolkata,2.7,1.26,1660,290,213
F0825,B737-800,Hyderabad-Kolkata,1.86,0.78,1180,189,141
F0766,B737-800,Bengaluru-Hyderabad,0.88,0.72,500,189,172
F0426,B737-800,Mumbai-Kolkata,2.7,0.8,1660,189,114
F0550,A321,Hyderabad-Kolkata,1.97,0.6,1180,220,159
F0795,A321,Delhi-Bengaluru,2.75,0.9,1740,220,186
F0923,B737-800,Bengaluru-Kolkata,2.52,0.77,1540,189,171
F0554,B737-800,Chennai-Hyderabad,1.09,0.75,515,189,160
F0514,ATR 72,Mumbai-Bengaluru,1.48,0.58,845,72,62
F0524,A320,Chennai-Singapore,4.2,0.61,2920,180,149
F0357,B787,Chennai-Singapore,4.65,0.44,2920,290,271
F0829,ATR 72,Chennai-Kolkata,2.33,0.46,1360,72,50
F0673,A321,Delhi-Hyderabad,2.36,0.81,1260,220,177
F0447,A321,Bengaluru-Kolkata,2.49,0.94,1540,220,150
F0470,A320,Mumbai-Bengaluru,1.71,0.89,845,180,166
F0137,B737-800,Chennai-Bengaluru,0.69,0.7,290,189,183
F0922,B737-800,Chennai-Hyderabad,0.96,1.25,515,189,121
F0151,ATR 72,Delhi-Hyderabad,2.4,0.35,1260,72,53
F0069,ATR 72,Chennai-Mumbai,2.17,0.72,1034,72,61
F0938,A321,Chennai-Singapore,4.37,0.7,2920,220,192
F0278,A321,Chennai-Delhi,2.77,0.84,1760,220,197
F0931,A320,Hyderabad-Kolkata,1.89,0.74,1180,180,144
F0427,B737-800,Chennai-Mumbai,2.01,0.79,1034,189,164
F0248,A321,Delhi-Bengaluru,2.76,0.66,1740,220,193
F0072,B787,Bengaluru-Kolkata,2.44,1.35,1540,290,235
F0715,B787,Delhi-Kolkata,2.29,1.38,1305,290,189
F0300,ATR 72,Chennai-Bengaluru,1.0,0.35,290,72,68
F0245,ATR 72,Delhi-Dubai,3.88,0.43,2190,72,69
F0250,B787,Mumbai-Kolkata,2.4,1.34,1660,290,190
F0831,A320,Chennai-Kolkata,2.08,0.75,1360,180,140
F0284,A321,Bengaluru-Kolkata,2.43,0.7,1540,220,182
F0440,B737-800,Hyderabad-Kolkata,2.1,0.7,1180,189,147
F0835,B737-800,Chennai-Hyderabad,0.89,0.86,515,189,129
F0583,A350,Delhi-Hyderabad,2.19,1.52,1260,325,196
F0337,A350,Chennai-Delhi,2.88,1.33,1760,325,241
F0468,A321,Mumbai-Bengaluru,1.58,0.72,845,220,195
F0591,B737-800,Mumbai-Kolkata,2.47,0.91,1660,189,133
F0943,B787,Delhi-Bengaluru,2.85,1.23,1740,290,229
F0143,B737-800,Chennai-Delhi,2.8,0.59,1760,189,152
F0545,B787,Hyderabad-Kolkata,1.91,1.46,1180,290,202
F0355,A350,Chennai-Dubai,4.0,1.31,2930,325,249
F0033,A320,Mumbai-Bengaluru,1.65,0.57,845,180,141
F0519,A320,Delhi-Kolkata,2.33,0.7,1305,180,123
F0918,A320,Mumbai-Singapore,5.6,0.93,3930,180,154
F0001,B737-800,Hyderabad-Kolkata,2.0,0.45,1180,189,145
F0463,B787,Delhi-Dubai,3.45,1.13,2190,290,263
F0863,A320,Mumbai-Bengaluru,1.7,0.54,845,180,175
F0544,ATR 72,Mumbai-Delhi,2.24,0.65,1148,72,62
F0679,B787,Mumbai-Bengaluru,1.5,1.27,845,290,207
F0535,B737-800,Mumbai-Dubai,3.23,0.74,1930,189,163
F0317,B737-800,Mumbai-Kolkata,2.54,0.92,1660,189,129
F0270,A320,Bengaluru-Kolkata,2.44,0.42,1540,180,156
F0057,A320,Bengaluru-Hyderabad,1.15,0.88,500,180,161
F0481,B737-800,Chennai-Bengaluru,0.7,0.78,290,189,173
F0036,B737-800,Delhi-Singapore,5.67,0.68,4160,189,164
F0638,A320,Mumbai-Bengaluru,1.79,0.65,845,180,155
F0195,A320,Mumbai-Dubai,3.35,0.87,1930,180,173
F0538,A321,Mumbai-Singapore,5.7,0.76,3930,220,147
F0631,A321,Mumbai-Singapore,5.8,0.85,3930,220,186
F0699,B737-800,Chennai-Delhi,2.94,0.89,1760,189,137
F0724,ATR 72,Bengaluru-Kolkata,2.7,0.4,1540,72,61
F0104,A321,Bengaluru-Kolkata,2.48,0.98,1540,220,168
F0215,A320,Delhi-Hyderabad,2.22,0.9,1260,180,153
F0016,B737-800,Delhi-Bengaluru,2.87,0.67,1740,189,162
F0684,A320,Chennai-Kolkata,2.27,0.81,1360,180,143
F0885,ATR 72,Chennai-Bengaluru,0.84,0.61,290,72,62
F0898,B787,Chennai-Singapore,4.43,1.39,2920,290,273
F0578,A320,Chennai-Bengaluru,0.74,0.77,290,180,176
F0549,B787,Delhi-Kolkata,2.32,1.29,1305,290,276
F0912,A320,Mumbai-Dubai,3.16,0.35,1930,180,169
F0552,A350,Chennai-Singapore,4.19,1.35,2920,325,259
F0188,A320,Delhi-Dubai,3.61,0.77,2190,180,176
F0418,A321,Delhi-Dubai,3.49,0.68,2190,220,175
F0404,A321,Chennai-Hyderabad,0.91,1.33,515,220,196
F0058,A320,Delhi-Dubai,3.56,0.94,2190,180,170
F0959,A320,Bengaluru-Kolkata,2.42,0.67,1540,180,152
F0859,B737-800,Chennai-Kolkata,2.32,0.92,1360,189,160
F0592,A321,Delhi-Kolkata,2.19,0.65,1305,220,185
F0298,A321,Chennai-Dubai,4.2,0.91,2930,220,153
F0561,B787,Mumbai-Bengaluru,1.49,1.38,845,290,258
F0534,B787,Mumbai-Dubai,3.26,1.11,1930,290,253
F0013,B737-800,Delhi-Hyderabad,2.2,0.85,1260,189,149
F0193,A321,Chennai-Hyderabad,1.12,0.79,515,220,188
F0710,B737-800,Mumbai-Singapore,5.74,0.78,3930,189,160
F0460,B737-800,Chennai-Bengaluru,0.83,0.76,290,189,179
F0707,B737-800,Hyderabad-Kolkata,2.02,0.7,1180,189,136
F0050,A321,Chennai-Delhi,2.75,0.98,1760,220,171
F0525,A320,Hyderabad-Kolkata,2.08,0.65,1180,180,124
F0430,B787,Delhi-Hyderabad,2.31,1.33,1260,290,235
F0892,A320,Chennai-Mumbai,2.3,0.73,1034,180,142
F0007,B787,Bengaluru-Kolkata,2.32,1.04,1540,290,202
F0948,A321,Chennai-Delhi,2.74,0.63,1760,220,146
F0666,B737-800,Delhi-Kolkata,2.5,0.8,1305,189,135
F0603,A320,Mumbai-Bengaluru,1.68,0.74,845,180,158
F0040,B737-800,Chennai-Kolkata,2.36,0.51,1360,189,129
F0348,A350,Chennai-Singapore,4.19,1.55,2920,325,232
F0461,A320,Chennai-Singapore,4.38,0.85,2920,180,170
F0238,B787,Delhi-Singapore,5.67,1.29,4160,290,197
F0032,A320,Chennai-Singapore,4.23,0.8,2920,180,159
F0489,B787,Chennai-Delhi,2.69,1.04,1760,290,150
F0951,A320,Mumbai-Kolkata,2.7,1.15,1660,180,122
F0970,A321,Mumbai-Kolkata,2.6,1.03,1660,220,148
F0041,A320,Bengaluru-Hyderabad,0.96,0.83,500,180,151
F0743,B787,Delhi-Hyderabad,2.11,1.14,1260,290,228
F0596,A350,Mumbai-Bengaluru,1.74,1.41,845,325,236
