Aircraft_Type,Route,avg_load_factor,avg_utilisation,flights
A350,Chennai-Kolkata,62.666666666666664,62.09647913501868,3
A350,Hyderabad-Kolkata,63.28205128205128,61.61003543425414,3
B787,Hyderabad-Kolkata,67.58620689655172,62.20695824589036,10
A350,Mumbai-Singapore,67.81538461538462,80.15255068391659,5
B787,Chennai-Delhi,68.62068965517241,71.24350907494426,3
A321,Mumbai-Kolkata,69.5104895104895,75.61151361616766,13
A320,Mumbai-Kolkata,69.86111111111111,76.91655166282003,12
B787,Mumbai-Kolkata,69.86206896551724,66.66223647758406,5
A350,Chennai-Delhi,69.96923076923078,66.37723850041425,5
B787,Chennai-Kolkata,71.55172413793103,62.92499960260473,4
A350,Delhi-Kolkata,72.07692307692308,60.73986430230862,4
A350,Chennai-Hyderabad,73.38461538461539,45.00778974463185,2
B787,Mumbai-Bengaluru,73.5632183908046,53.11086855545108,3
B787,Delhi-Hyderabad,73.94088669950739,62.951130797587666,7
B787,Chennai-Mumbai,74.34482758620689,61.976366257669305,5
A350,Delhi-Hyderabad,74.41025641025641,60.99302429123862,6
A350,Chennai-Mumbai,74.92307692307692,59.84054569567331,4
B787,Bengaluru-Hyderabad,77.41379310344828,43.83098591549296,2
A350,Mumbai-Delhi,79.17948717948718,58.769438071306304,3
A350,Mumbai-Bengaluru,80.49230769230769,52.82034642107509,5
B787,Mumbai-Delhi,81.03448275862068,63.63636363636363,1
A321,Chennai-Hyderabad,81.4935064935065,50.93991797002728,14
B737-800,Chennai-Hyderabad,82.24573780129336,55.83420180905802,18
B787,Delhi-Kolkata,84.13793103448275,64.09764216662265,6
A320,Chennai-Hyderabad,85.50925925925925,57.65262449839977,12
ATR 72,Chennai-Hyderabad,86.32478632478632,61.72724963166882,13
A321,Bengaluru-Hyderabad,87.87878787878788,52.13942378746847,3
ATR 72,Chennai-Bengaluru,88.4920634920635,58.61167115167662,7
B737-800,Bengaluru-Hyderabad,88.52513227513228,56.39261144485876,16
A320,Bengaluru-Hyderabad,90.43650793650794,54.473072973917674,14
A321,Chennai-Bengaluru,91.51515151515152,43.344317850525705,6
ATR 72,Bengaluru-Hyderabad,91.66666666666667,64.83489910871248,5
B737-800,Chennai-Bengaluru,92.40585122938064,50.735840394881386,17
A320,Chennai-Bengaluru,92.82407407407408,48.24567848937022,12
B787,Chennai-Bengaluru,96.89655172413794,36.279069767441854,1
